,,,,,,
,01.07.30.09.2026,,,,,
,,,,,,
,,,,, World'e Özel 7 Taksit, Diğer Kartlar 
,,,,,, Peşinat + 8 Taksit 
İndirim Oranı, Ürün Sınıf Kodu, Ürün Adı,ithal,Kampanyasız Peşin Fiyat,Peşin Fiyat," 9 Taksitli
Fiyat "
,, YATAK ÖRTÜLERİ,,,,
0%,2Q9YTOBCSP0010,BOHO C.SPRING YATAK ORTUSU TEK SOFTIA,,3.500,2.699,2.969
0%,2Q9YTOBCSP0020,BOHO C.SPRING YATAK ORTUSU CIFT SOFTIA,ithal,3.499,3.499,3.849
0%,2Q9YTOHRMY0010,HARMONY YATAK ORTUSU TEK SOFTIA,ithal,2.699,2.699,2.969
0%,2Q9YTOHRMY0020,HARMONY YATAK ORTUSU CIFT SOFTIA,,3.499,3.499,3.849
0%,2Q9YTOLUXR0020,LUXURY YAT ORT CFT IMPERIAL BAKIR,,6.599,6.599,7.259
0%,2Q9YTOAKMS0010,AKDENIZ MILAS YATAK ORTUSU  TEK KISILIK,,3.299,3.299,3.629
0%,2Q9YTOAKMS0020,AKDENIZ MILAS YATAK ORTUSU  CIFT KISILIK,,3.999,3.999,4.399
0%,2Q9YTOBCMS0010,BOHO CHIC SPRING MILAS YATAK ORTUSU  TEK KISILIK,,3.299,3.299,3.629
0%,2Q9YTOBCMS0020,BOHO CHIC SPRING MILAS YATAK ORTUSU  CIFT KISILIK,ithal ,3.999,3.999,4.399
0%,2Q9YTOROMS0010,ROSABELLE MILAS YATAK ORTUSU  TEK KISILIK,ithal ,3.299,3.299,3.629
0%,2Q9YTOROMS0020,ROSABELLE MILAS YATAK ORTUSU  CIFT KISILIK,,3.999,3.999,4.399
17%,2Q9YTOARYA0010,ARYA YATAK ÖRTÜSÜ TEK,,2.399,1.999,2.199
17%,2Q9YTOARYA0030,ARYA YATAK ÖRTÜSÜ TEK KİNGSİZE,,2.759,2.299,2.529
15%,2Q9YTOARYA0020,ARYA YATAK ÖRTÜSÜ ÇİFT,,3.169,2.699,2.969
17%,2Q9YTOARYA0040,ARYA YATAK ÖRTÜSÜ ÇİFT KİNGSİZE,,3.629,2.999,3.299
0%,2Q9YTOOTTO0010,OTTO YATAK ÖRTÜSÜ TEK,,2.579,2.579,2.837
0%,2Q9YTOOTTO0020,OTTO YATAK ÖRTÜSÜ ÇİFT,,3.359,3.359,3.695
0%,2Q9YTOSNTA0010,SANTA YATAK ORTUSU TEK,,2.759,2.759,3.035
0%,2Q9YTOSNTA0020,SANTA YATAK ORTUSU CFT,,3.449,3.449,3.794
0%,2Q9CAONTRA0010,NATURA MUSLIN COK AMACLI ORTU TEK KISILIK,,1.729,1.729,1.902
0%,2Q9CAONTRA0020,NATURA MUSLIN COK AMACLI ORTU CIFT KISILIK,,2.189,2.189,2.408
0%,2Q9YTOBHRA0010,BOHERA YATAK ORTUSU TEK KISILIK,,3.739,3.739,4.113
0%,2Q9YTOBHRA0020,BOHERA YATAK ORTUSU CIFT KISILIK,,4.999,4.999,5.499
0%,2Q9YTOPLNA0010,POLINA YATAK ORTUSU TEK KISILIK,,3.739,3.739,4.113
0%,2Q9YTOPLNA0020,POLINA YATAK ORTUSU CIFT KISILIK,,4.999,4.999,5.499
0%,2Q9YTOLRBT0010,LERIS BOUQUET FIRFIRLI YATAK ORTUSU TEK KISILIK,,3.699,3.699,4.069
0%,2Q9YTOLRBT0020,LERIS BOUQUET FIRFIRLI YATAK ORTUSU CIFT KISILIK,,4.899,4.899,5.389
0%,2Q9YTOULTRS001,NAPOLI YATAK ORTUSU TEK KISILIK,,4.259,4.259,4.685
0%,2Q9YTOULTRS002,NAPOLI YATAK ORTUSU CIFT KISILIK,,4.829,4.829,5.312
13%,2Q9YTOMATH0020,MATHILDA YATAK ORTUSU CFT,,7.999,6.999,7.699
13%,2Q9YTOTALA0020,TALIA YATAK ORTUSU CFT,,7.999,6.999,7.699
,, Çeyiz seti,,,,
50%,2Q9CYZSPCL0020,SPECIAL CEYIZ SETI,,9.198,4.599,5.059
20%,2Q9CYZORLN0020,ORLANDO ÇEYİZ SETİ,,11.299,8.999,9.899
20%,2Q9CYZVICT0020,VICTORY ÇEYİZ SETİ,,11.299,8.999,9.899
30%,2Q9CASMULT0010,MULTI SELECTION TEK GLORIA,,3.997,2.799,3.079
30%,2Q9CASMULT0030,MULTI SELECTION TEK K.SIZE GLORIA,,4.597,3.219,3.541
30%,2Q9CASMULT0020,MULTI SELECTION CFT GLORIA,,4.999,3.499,3.849
30%,2Q9CASMULT0040,MULTI SELECTION CFT K.SIZE GLORIA,,5.997,4.199,4.619
,, Uyku Setleri,,,,
0%,2Q9CMFEASY0010,EASY COTTON COMFORTER UYKU SETİ TEK,,3.479,3.479,3.827
0%,2Q9CMFEASY0020,EASY COTTON COMFORTER UYKU SETİ ÇİFT,,4.189,4.189,4.608
,, Doqu Baby,,,,
0%,2Q9YSBCOMF0190,COMFYLINE BEBEK YASTIK 35x45,,729,729,802
0%,2Q9YGBCOMFA230,COMFYLINE BEBEK YORGAN,,1.289,1.289,1.418
0%,2Q9YSBPAMK0190,PAMUK BEBEK YASTIK 35x45,,1.289,1.289,1.418
0%,2Q9YRBPAMKA230,PAMUK BEBEK YORGAN,,3.229,3.229,3.552
0%,2Q9YSBBMBU0190,BAMBU BEBEK YASTIK 35x45,,1.429,1.429,1.572
0%,2Q9YGBBBBMA230,BAMBU BEBEK YORGAN,,2.969,2.969,3.266
0%,2Q9YSBYUNN0190,YÜN BEBEK YASTIK 35x45,,1.429,1.429,1.572
0%,2Q9YGBYUNNA230,YÜN BEBEK YORGAN,,3.099,3.099,3.409
0%,2Q9SGASLLNA200,SLEEPLINE SIVI GEÇİRMEZ ALEZ 60X120,,649,649,714
0%,2Q9SGASLLNA210,SLEEPLINE SIVI GEÇİRMEZ ALEZ 70X130,,679,679,747
0%,2Q9SGASLLNA220,SLEEPLINE SIVI GEÇİRMEZ ALEZ 70X140,,699,699,769
,, Bebek Yataklar,,,,
0%,2Q7YTBORCCA210,ORGANIC COTTON BEBEK YATAK 070X130,,4.779,4.779,5.257
0%,2Q7YTBORCT0000,ORGANIC COTTON BEBEK KATLANIR YATAK,,3.739,3.739,4.113
0%,2Q7YTBORRF0000,ORGANIC COTTON BEBEK REFLU YATAK,,2.199,2.199,2.419
0%,2Q9YSBORCC0190,ORGANIC COTTON BEBEK YASTIK (35X45),,1.099,1.099,1.209
,,  -   ,,,,
0%,2Q9YTPBMBUA010,BAMBU YATAK PEDİ 090X190,,8.000,8.000,8.000
0%,2Q9YTPBMBUA100,BAMBU YATAK PEDİ 090X200,,4.899,4.899,5.389
0%,2Q9YTPBMBUA020,BAMBU YATAK PEDİ 100X200,,4.899,4.899,5.389
0%,2Q9YTPBMBUA030,BAMBU YATAK PEDİ 120X200,,4.899,4.899,5.389
0%,2Q9YTPBMBUA050,BAMBU YATAK PEDİ 140X190,,7.399,7.399,8.139
0%,2Q9YTPBMBUA110,BAMBU YATAK PEDİ 140X200,,7.399,7.399,8.139
0%,2Q9YTPBMBUA060,BAMBU YATAK PEDİ 150X200,,7.399,7.399,8.139
0%,2Q9YTPBMBUA070,BAMBU YATAK PEDİ 160X200,,7.399,7.399,8.139
0%,2Q9YTPBMBUA080,BAMBU YATAK PEDİ 180X200,,7.399,7.399,8.139
0%,2Q9YTPBMBUA090,BAMBU YATAK PEDİ 200X200,,7.399,7.399,8.139
,, PAMUK YATAK PEDİ,,,,
0%,2Q9YTPPAMKA010,PAMUK YATAK PEDİ 090X190,,3.699,3.699,4.069
0%,2Q9YTPPAMKA100,PAMUK YATAK PEDİ 090X200,,3.699,3.699,4.069
0%,2Q9YTPPAMKA020,PAMUK YATAK PEDİ 100X200,,3.699,3.699,4.069
0%,2Q9YTPPAMKA030,PAMUK YATAK PEDİ 120X200,,3.699,3.699,4.069
0%,2Q9YTPPAMKA050,PAMUK YATAK PEDİ 140X190,,5.599,5.599,6.159
0%,2Q9YTPPAMKA110,PAMUK YATAK PEDİ 140X200,,5.599,5.599,6.159
0%,2Q9YTPPAMKA060,PAMUK YATAK PEDİ 150X200,,5.599,5.599,6.159
0%,2Q9YTPPAMKA070,PAMUK YATAK PEDİ 160X200,,5.599,5.599,6.159
0%,2Q9YTPPAMKA080,PAMUK YATAK PEDİ 180X200,,5.599,5.599,6.159
0%,2Q9YTPPAMKA090,PAMUK YATAK PEDİ 200X200,,5.599,5.599,6.159
,, YÜN YATAK PEDİ,,,,
0%,2Q9YTPYUNNA010,YÜN YATAK PEDİ 090X190,,3.949,3.949,4.344
0%,2Q9YTPYUNNA100,YÜN YATAK PEDİ 090X200,,3.949,3.949,4.344
0%,2Q9YTPYUNNA020,YÜN YATAK PEDİ 100X200,,3.949,3.949,4.344
0%,2Q9YTPYUNNA030,YÜN YATAK PEDİ 120X200,,3.949,3.949,4.344
0%,2Q9YTPYUNNA050,YÜN YATAK PEDİ 140X190,,6.199,6.199,6.819
0%,2Q9YTPYUNNA110,YÜN YATAK PEDİ 140X200,,6.199,6.199,6.819
0%,2Q9YTPYUNNA060,YÜN YATAK PEDİ 150X200,,6.199,6.199,6.819
0%,2Q9YTPYUNNA070,YÜN YATAK PEDİ 160X200,,6.199,6.199,6.819
0%,2Q9YTPYUNNA080,YÜN YATAK PEDİ 180X200,,6.199,6.199,6.819
0%,2Q9YTPYUNNA090,YÜN YATAK PEDİ 200X200,,6.199,6.199,6.819
,, VİSCO YATAK PEDİ,,,,
0%,2Q9YTPVSCCA010,VISCO YATAK PEDİ 90X190 X 7CM,,7.499,7.499,8.249
0%,2Q9YTPVSCCA100,VISCO YATAK PEDİ 90X200 X 7CM,,7.499,7.499,8.249
0%,2Q9YTPVSCCA020,VISCO YATAK PEDİ 100X200 X 7CM,,7.499,7.499,8.249
0%,2Q9YTPVSCCA030,VISCO YATAK PEDİ 120X200 X 7CM,,7.499,7.499,8.249
0%,2Q9YTPVSCCA050,VISCO YATAK PEDİ 140X190 X 7CM,,11.499,11.499,12.649
0%,2Q9YTPVSCCA110,VISCO YATAK PEDİ 140X200 X 7CM,,11.499,11.499,12.649
0%,2Q9YTPVSCCA060,VISCO YATAK PEDİ 150X200 X 7CM,,11.499,11.499,12.649
0%,2Q9YTPVSCCA070,VISCO YATAK PEDİ 160X200 X 7CM,,11.499,11.499,12.649
0%,2Q9YTPVSCCA080,VISCO YATAK PEDİ 180X200 X 7CM,,11.499,11.499,12.649
0%,2Q9YTPVSCCA090,VISCO YATAK PEDİ 200X200 X 7CM,,11.499,11.499,12.649
,, ÇARŞAFLAR,,,,
0%,2Q9FCRCLRF0010,COLOURFUL FITTED ÇARŞAF TEK KİŞİLİK,,999,999,1.099
0%,2Q9FCRCLRF0030,COLOURFUL FITTED ÇARŞAF TEK KINGSIZE,,1.099,1.099,1.209
0%,2Q9FCRCLRF0020,COLOURFUL FITTED ÇARŞAF ÇİFT KİŞİLİK,,1.299,1.299,1.429
0%,2Q9FCRCLRF0040,COLOURFUL FITTED ÇARŞAF ÇİFT KINGSIZE,,1.449,1.449,1.594
0%,2Q9YKLCLRFB030,COLOURFUL YASTIK KILIFI İKİLİ,,629,629,692
0%,2Q9CRTPNYE0010,PENYE ÇARŞAF SETİ TEK (Yastık Kılıflı),,1.299,1.299,1.429
0%,2Q9CRTPNYE0030,PENYE KINGSIZE SETİ ÇARŞAF TEK (Yastık Kılıflı),,1.499,1.499,1.649
0%,2Q9CRTPNYE0020,PENYE ÇARŞAF SETİ ÇİFT (Yastık Kılıflı),,1.699,1.699,1.869
0%,2Q9CRTPNYE0040,PENYE KINGSIZE ÇARŞAF SETİ ÇİFT (Yastık Kılıflı),,1.999,1.999,2.199
,, EL HAVLUSU,,,,
0%,2Q9ELHLRBT0180,LERIS BOUQUET ARMURLU/JARKARLI EL HAVLU 030X050,,269,269,296
,, AYAK HAVLUSU,,,,
0%,2Q9AYHJMPR0170,JUNGLE MUSE PRMIT AYAK HAV 050X080,,899,899,989
0%,2Q9AYHAKVR0170,AKDENIZ VERONA AYAK HAV 050X080,,699,699,769
0%,2Q9AYHROLZ0170,ROSABELLE LINENZA AYAK HAV 050X080,,849,849,934
0%,2Q9AYHHRSR0170,HARMONY SEREN AYAK HAV 050X080 BEJ,,999,999,1.099
0%,2Q9BPPLRBT0170,LERIS BOUQUET AYAK HAVLUSU 50X80,,499,499,549
0%,2Q9AYHIVRY0170,IVORY AYAK HAVLUSU 050X080,,529,529,582
,, YÜZ HAVLUSU,,,,
0%,2Q9YZHJMPR0160,JUNGLE MUSE PRMIT YUZ HAV 050X090,,599,599,659
0%,2Q9YZHAKVR0160,AKDENIZ VERONA YUZ HAV 050X090,,499,499,549
0%,2Q9YZHROLZ0160002,ROSABELLE LINENZA YUZ HAV 050X090 DUZ,,549,549,604
0%,2Q9YZHROLZ0160001,ROSABELLE LINENZA YUZ HAV 050X090 NAKSLI,,599,599,659
0%,2Q9YZHHRSR0160,HARMONY SEREN YUZ HAV 050X090 BEJ,,449,449,494
0%,2Q9YZHBCSP0160,BOHO C.SPRING YUZ HAV 050X090 ESELLA BRD,,699,699,769
0%,2Q9YZHLRBT0160,LERIS BOUQUET ARMURLU/JAKARLI YUZ HAVLU 050X090,,549,549,604
0%,2Q9YZHIVRY0160,IVORY YUZ HAVLUSU 050X090,,369,369,406
,, HAVLU SETLER,,,,
0%,2Q9BHSAKVR0000,AKDENIZ VERONA BANYO YUZ HAVLU ST,,1.899,1.899,2.089
0%,2Q9BHSROLZ0000,ROSABELLE LINENZA BANYO AILE ST ,,11.999,11.999,13.199
0%,2Q9YHSHRSR0160,HARMONY SEREN 2LI YUZ HAV 50X90 PUDR/BEJ,,799,799,879
0%,2Q9YHSBCSP0160,BOHO C.SS YUZ HV ST 50X90 ESELLA DNT/BRD,,1.249,1.249,1.374
0%,2Q9ELSHRSR0180,HARMONY SEREN 4-LU EL HAVLU SETI 30X50,,749,749,824
,, BANYO HAVLUSU,,,,
0%,2Q9BNHJMPR0150,JUNGLE MUSE PRMIT BAN HAV 090X150,,1.499,1.499,1.649
0%,2Q9BNHAKVR0150,AKDENIZ VERONA BAN HAV 090X150,,1.299,1.299,1.429
0%,2Q9BNHROLZ0150002,ROSABELLE LINENZA BAN HAV 090X150 DUZ,,1.199,1.199,1.319
0%,2Q9BNHROLZ0150001,ROSABELLE LINENZA BAN HAV 090X150 NAKSLI,,1.399,1.399,1.539
0%,2Q9BNHHRSR0150,HARMONY SEREN BAN HAV 090X150 BEJ,,1.149,1.149,1.264
0%,2Q9BNHBCSP0150,BOHO C.SPRING BAN HAV 090X150 ESELLA BRD,,1.499,1.499,1.649
0%,2Q9BNHLRBT0150,LERIS BOUQUET ARMURLU/JAKARLI BANYO HAVLU 090X150,,1.499,1.499,1.649
0%,2Q9BNHIVRY0150,IVORY BANYO HAVLUSU 090X150,,869,869,956
,, BORNOZ,,,,
0%,2Q9BRNJMPR0050,JUNGLE MUSE PRMIT BORNOZ S/M 110,,3.499,3.499,3.849
0%,2Q9BRNJMPRA820,JUNGLE MUSE PRMIT BORNOZ L/XL 120,,3.499,3.499,3.849
0%,2Q9BRNROLZA820002,ROSABELLE LINENZA BORNOZ L/XL 120 DUZ,,4.499,4.499,4.949
0%,2Q9BRNROLZA820001,ROSABELLE LINENZA BORNOZ L/XL 120 NAKSLI,,4.699,4.699,5.169
0%,2Q9BRNROLZ0050002,ROSABELLE LINENZA BORNOZ S/M 115 DUZ,,4.499,4.499,4.949
0%,2Q9BRNROLZ0050001,ROSABELLE LINENZA BORNOZ S/M 115 NAKSLI,,4.699,4.699,5.169
0%,2Q9BRNAKVRA820,AKDENIZ VERONA BORNOZ L/XL 120 YESIL,,3.199,3.199,3.519
0%,2Q9BRNAKVR0050,AKDENIZ VERONA BORNOZ S/M 110 BEJ,,3.199,3.199,3.519
0%,2Q9BRNHRSRA820,HARMONY SEREN BORNOZ L/XL 120 BEJ,,4.299,4.299,4.729
0%,2Q9BRNHRSR0050,HARMONY SEREN BORNOZ S/M 110 BEJ,,4.299,4.299,4.729
0%,2Q9BRNBCSPB360,BOHO C.SPRING BORNOZ L/XL 130 ESELLA DNT,,3.299,3.299,3.629
0%,2Q9BRNBCSPB350,BOHO C.SPRING BORNOZ S/M 120 ESELLA BRD,,3.299,3.299,3.629
0%,2Q9BRNKTTYB370,KITTY BORNOZ,,1.849,1.849,2.034
0%,2Q9BRNTENGB390,TEENAGE BORNOZ,,1.999,1.999,2.199
0%,2Q9BRNIVRYB350,IVORY BORNOZ S/M 120,,2.599,2.599,2.859
0%,2Q9BRNIVRYB360,IVORY BORNOZ L/XL 130,,2.599,2.599,2.859
0%,2Q9BRNAYLA0050,AYLA BORNOZ S/M 110,,2.299,2.299,2.529
0%,2Q9BRNAYLAA820,AYLA BORNOZ L/XL 120,,2.299,2.299,2.529
0%,2Q9BRNSLNY0050,SELENY BORNOZ S/M 110,,2.299,2.299,2.529
0%,2Q9BRNSLNYA820,SELENY BORNOZ L/XL 120,,2.299,2.299,2.529
0%,2Q9BRNLRBT0050,LERIS BOUQUET BORNOZ S/M 110,,3.399,3.399,3.739
0%,2Q9BRNLRBTA820,LERIS BOUQUET BORNOZ L/XL 120,,3.399,3.399,3.739
0%,2Q9BRNLRBT0070,LERIS BOUQUET BORNOZ XXL 130,,3.399,3.399,3.739
,, SAC BONESI,,,,
0%,2Q9SBNLRBT0000,LERIS BOUQUET SAC BONESI,,599,599,659
,, HAVLU SETLERİ,,,,
0%,2Q9BUSHLNA0000,HELENA BANYO HAV+YUZ HAV SET EKRU,,1.549,1.549,1.704
0%,2Q9BHSHLNA0000,HELENA BRN+YUZ HAV S/M-L/XL EKRU-GRI,,6.699,6.699,7.369
0%,2Q9YHSHLNA0160,HELENA YUZ HAV SET 050X090 GRI-EKRU (2'Lİ),,899,899,989
0%,2Q9ELSIVRY0180,IVORY EL HAV SET 030X050 (5'LI),,599,599,659
,, Panço,,,,
0%,2Q9PBHPINY0000004,PINY PANCO HAVLU UNICORN,,1.399,1.399,1.539
0%,2Q9PBHPINY0000000,PINY PANCO HAVLU PANDA,,1.399,1.399,1.539
0%,2Q9PBHPINY0000001,PINY PANCO HAVLU LION,,1.399,1.399,1.539
0%,2Q9PBHPINY0000002,PINY PANCO HAVLU KINGFROG,,1.399,1.399,1.539
0%,2Q9PBHPINY0000003,PINY PANCO HAVLU SHARK,,1.399,1.399,1.539
,, Banyo Paspas,,,,
0%,2Q9BPSARTEB150,BANYO PASPAS SETI ARTE,,1.099,1.099,1.209
0%,2Q9BPSLIVAB150,BANYO PASPAS SETI LIVA,,1.099,1.099,1.209
0%,2Q9BPSLORAB150,BANYO PASPAS SETI LORA,,1.099,1.099,1.209
0%,2Q9BPSGRANB150,BANYO PASPAS SETI GRANO ,,1.099,1.099,1.209
0%,2Q9BPSLUPIB150,BANYO PASPAS SETI LUPPI ,,1.299,1.299,1.429
0%,2Q9BPSHARMB150,BANYO PASPAS SETI HARMO,,1.299,1.299,1.429
0%,2Q9BPSPERAB150,BANYO PASPAS SETI PERA,,1.299,1.299,1.429
0%,2Q9BPSZENAB150,BANYO PASPAS SETI ZENA,,1.299,1.299,1.429
,, DEKORATİF KIRLENT (DOLGULU),,,,
0%,2Q9KRLPAND0110,PANDORA DEKORATİF KIRLENT (50X50 CM),,999,999,1.099
,, KOLEKSIYON PİKE,,,,
0%,2Q9PKELXMI0010,LUXURY MINA PİKE TEK KİŞİLİK,,1.699,1.699,1.869
0%,2Q9PKELXMI0020,LUXURY MINA PİKE ÇİFT  KİŞİLİK,,1.999,1.999,2.199
0%,2Q9PKEAKMI0010,AKDENIZ MINA PİKE TEK KİŞİLİK,,1.699,1.699,1.869
0%,2Q9PKEAKMI0020,AKDENIZ MINA PİKE ÇİFT  KİŞİLİK,,1.999,1.999,2.199
0%,2Q9PKEBCLB0010,BOHO C.SPRING MINA PİKE TEK KİŞİLİK,,1.699,1.699,1.869
0%,2Q9PKEBCLB0020,BOHO C.SPRING MINA PİKE ÇİFT  KİŞİLİK,,1.999,1.999,2.199
0%,2Q9PKEJMMN0010,JUNGLE MUSE MINA PİKE TEK KİŞİLİK,,1.699,1.699,1.869
0%,2Q9PKEJMMN0020,JUNGLE MUSE MINA PİKE ÇİFT  KİŞİLİK,,1.999,1.999,2.199
0%,2Q9PKEROMI0010,ROSABELLE MINA PİKE TEK KİŞİLİK,,1.699,1.699,1.869
0%,2Q9PKEROMI0020,ROSABELLE MINA PİKE ÇİFT  KİŞİLİK,,1.999,1.999,2.199
,, KOLEKSIYON PİKE TAKIMI,,,,
0%,2Q9PKTAKMW0010,AKDENIZ MARWEN PİKE TAKIMI TEK KİŞİLİK,,2.499,2.499,2.749
0%,2Q9PKTAKMW0020,AKDENIZ MARWEN PİKE TAKIMI ÇİFT KİŞİLİK,,3.199,3.199,3.519
0%,2Q9PKTBCMW0010,BOHO C.SPRING MARWEN PİKE TAKIMI TEK KİŞİLİK,,2.499,2.499,2.749
0%,2Q9PKTBCMW0020,BOHO C.SPRING MARWEN PİKE TAKIMI ÇİFT KİŞİLİK,,3.199,3.199,3.519
0%,2Q9PKTJMMW0010,JUNGLE MUSE MARWEN PİKE TAKIMI TEK KİŞİLİK,,2.499,2.499,2.749
0%,2Q9PKTJMMW0020,JUNGLE MUSE MARWEN PİKE TAKIMI ÇİFT KİŞİLİK,,3.199,3.199,3.519
0%,2Q9PKTROMW0010,ROSABELLE MARWEN PİKE TAKIMI TEK KİŞİLİK,,2.499,2.499,2.749
0%,2Q9PKTROMW0020,ROSABELLE MARWEN PİKE TAKIMI ÇİFT KİŞİLİK,ithal,3.199,3.199,3.519
,, KOLEKSIYON PİKE SETİ,,,,
0%,2Q9PKSAKLS0010,AKDENIZ LISBON PİKE SETİ TEK KİŞİLİK,,2.299,2.299,2.529
0%,2Q9PKSAKLS0020,AKDENIZ LISBON PİKE SETİ ÇİFT KİŞİLİK,,2.899,2.899,3.189
0%,2Q9PKSBCLB0010,BOHO C.SPRING LISBON PİKE SETİ TEK KİŞİLİK,,2.299,2.299,2.529
0%,2Q9PKSBCLB0020,BOHO C.SPRING LISBON PİKE SETİ ÇİFT KİŞİLİK,,2.899,2.899,3.189
0%,2Q9PKSJMLB0010,JUNGLE MUSE LISBON PİKE SETİ TEK KİŞİLİK,,2.299,2.299,2.529
0%,2Q9PKSJMLB0020,JUNGLE MUSE LISBON PİKE SETİ ÇİFT  KİŞİLİK,,2.899,2.899,3.189
0%,2Q9PKSROLS0010,ROSABELLE LISBON PİKE SETİ TEK KİŞİLİK,,2.299,2.299,2.529
0%,2Q9PKSROLS0020,ROSABELLE LISBON PİKE SETİ ÇİFT KİŞİLİK,ithal,2.899,2.899,3.189
,,YATAK ÖRTÜSÜ,,,,
45%,2Q9CYZLIRA0020,LIORA CEYIZ SETI,,14.467,7.999,8.799
60%,2Q9YTOPARM0020,PARMA YATAK ÖRTÜSÜ ÇİFT,,5.769,2.299,2.529
0%,2Q9YTOFLSH0010,FLASH YATAK ÖRTÜSÜ TEK,,3.399,3.399,3.739
0%,2Q9YTOFLSH0020,FLASH YATAK ÖRTÜSÜ CFT,,3.799,3.799,4.179
50%,2Q9YTOINTR0020,INTRA YATAK ÖRTÜSÜ ÇİFT,,6.779,3.399,3.739
,,Çok Amaçlı Set,,,,
0%,2Q9UYSNCMF0010,NEXT COMFORT SET TEK KISILIK,,3.699,3.699,4.069
0%,2Q9UYSNCMF0020,NEXT COMFORT SET CIFT KISILIK,,4.299,4.299,4.729
0%,2Q9CASMUSE0010,MULTI SELECTION TEK DIADOR,,4.369,4.369,4.806
0%,2Q9CASMUSE0020,MULTI SELECTION CFT DIADOR,,5.399,5.399,5.939
,,Uyku Setleri,,,,
0%,2Q9CMFPLCT0010,POLYCOTTON COMFORTER UYKU SETİ TEK,,2.999,2.999,3.299
0%,2Q9CMFPLCT0020,POLYCOTTON COMFORTER UYKU SETİ ÇİFT,,3.699,3.699,4.069
,,POLYCOTTON/EASYCOTTON,,,,
29%,2Q9NTKEASY0010194,EASY COTTON NEVRESİM TAKIMI TEK KİŞİLİK HIMERA,,1.699,1.199,1.319
29%,2Q9NTKEASY0020194,EASY COTTON NEVRESİM TAKIMI ÇİFT KİŞİLİK HIMERA,,2.099,1.499,1.649
29%,2Q9NTKEASY0010195,EASY COTTON NEVRESİM TAKIMI TEK KİŞİLİK TULIPS,,1.699,1.199,1.319
29%,2Q9NTKEASY0020195,EASY COTTON NEVRESİM TAKIMI ÇİFT KİŞİLİK TULIPS,,2.099,1.499,1.649
29%,2Q9NTKEASY0010168,EASY COTTON NEVRESİM TAKIMI TEK KİŞİLİK BELINDA,,1.699,1.199,1.319
28%,2Q9NTKEASY0030168,EASY COTTON NEVRESİM TAKIMI TEK KINGSIZE BELINDA,,1.949,1.399,1.539
29%,2Q9NTKEASY0020168,EASY COTTON NEVRESİM TAKIMI ÇİFT KİŞİLİK BELINDA,,2.099,1.499,1.649
28%,2Q9NTKEASY0040168,EASY COTTON NEVRESİM TAKIMI ÇİFT KINGSIZE BELINDA,,2.499,1.799,1.979
29%,2Q9NTKEASY0010154,EASY COTTON NEVRESİM TAKIMI TEK KİŞİLİK LISTRA,,1.699,1.199,1.319
28%,2Q9NTKEASY0030154,EASY COTTON NEVRESİM TAKIMI TEK KINGSIZE LISTRA,,1.949,1.399,1.539
29%,2Q9NTKEASY0020154,EASY COTTON NEVRESİM TAKIMI ÇİFT KİŞİLİK LISTRA,,2.099,1.499,1.649
28%,2Q9NTKEASY0040154,EASY COTTON NEVRESİM TAKIMI ÇİFT KINGSIZE LISTRA,,2.499,1.799,1.979
29%,2Q9NTKEASY0010138,EASY COTTON NEVRESİM TAKIMI TEK KİŞİLİK FLOURISH,,1.699,1.199,1.319
28%,2Q9NTKEASY0030138,EASY COTTON NEVRESİM TAKIMI TEK KINGSIZE FLOURISH,,1.949,1.399,1.539
29%,2Q9NTKEASY0020138,EASY COTTON NEVRESİM TAKIMI ÇİFT KİŞİLİK FLOURISH,,2.099,1.499,1.649
28%,2Q9NTKEASY0040138,EASY COTTON NEVRESİM TAKIMI ÇİFT KINGSIZE FLOURISH,,2.499,1.799,1.979
29%,2Q9NTKEASY0010139,EASY COTTON NEVRESİM TAKIMI TEK KİŞİLİK SEREAL,,1.699,1.199,1.319
28%,2Q9NTKEASY0030139,EASY COTTON NEVRESİM TAKIMI TEK KINGSIZE SEREAL,,1.949,1.399,1.539
29%,2Q9NTKEASY0020139,EASY COTTON NEVRESİM TAKIMI ÇİFT KİŞİLİK SEREAL,,2.099,1.499,1.649
28%,2Q9NTKEASY0040139,EASY COTTON NEVRESİM TAKIMI ÇİFT KINGSIZE SEREAL,,2.499,1.799,1.979
29%,2Q9NTKEASY0010144,EASY COTTON NEVRESİM TAKIMI TEK KİŞİLİK GLIMMER GUL KURUSU,,1.699,1.199,1.319
28%,2Q9NTKEASY0030144,EASY COTTON NEVRESİM TAKIMI TEK KINGSIZE GLIMMER GUL KURUSU,,1.949,1.399,1.539
29%,2Q9NTKEASY0020144,EASY COTTON NEVRESİM TAKIMI ÇİFT KİŞİLİK GLIMMER GUL KURUSU,,2.099,1.499,1.649
28%,2Q9NTKEASY0040144,EASY COTTON NEVRESİM TAKIMI ÇİFT KINGSIZE GLIMMER GUL KURUSU,,2.499,1.799,1.979
29%,2Q9NTKEASY0010145,EASY COTTON NEVRESİM TAKIMI TEK KİŞİLİK GLİMMER SOMON,,1.699,1.199,1.319
28%,2Q9NTKEASY0030145,EASY COTTON NEVRESİM TAKIMI TEK KINGSIZE GLİMMER SOMON,,1.949,1.399,1.539
29%,2Q9NTKEASY0020145,EASY COTTON NEVRESİM TAKIMI ÇİFT KİŞİLİK GLİMMER SOMON,,2.099,1.499,1.649
28%,2Q9NTKEASY0040145,EASY COTTON NEVRESİM TAKIMI ÇİFT KINGSIZE GLİMMER SOMON,,2.499,1.799,1.979
18%,2Q9NTKPLCT0010106,POLYCOTTON NEVRESİM TAKIMI TEK KİŞİLİK COSMOS,,1.459,1.199,1.319
17%,2Q9NTKPLCT0030106,POLYCOTTON NEVRESİM TAKIMI TEK KINGSIZE COSMOS,,1.679,1.399,1.539
17%,2Q9NTKPLCT0020106,POLYCOTTON NEVRESİM TAKIMI ÇİFT KİŞİLİK COSMOS,,1.799,1.499,1.649
16%,2Q9NTKPLCT0040106,POLYCOTTON NEVRESİM ÇİFT KINGSIZE COSMOS,,2.129,1.799,1.979
18%,2Q9NTKPLCT0010099,POLYCOTTON NEVRESİM TAKIMI TEK KİŞİLİK LIDYA,,1.459,1.199,1.319
17%,2Q9NTKPLCT0030099,POLYCOTTON NEVRESİM TAKIMI TEK KINGSIZE LIDYA,,1.679,1.399,1.539
17%,2Q9NTKPLCT0020099,POLYCOTTON NEVRESİM TAKIMI ÇİFT KİŞİLİK LIDYA,,1.799,1.499,1.649
16%,2Q9NTKPLCT0040099,POLYCOTTON NEVRESİM ÇİFT KINGSIZE LIDYA,,2.129,1.799,1.979
18%,2Q9NTKPLCT0010103,POLYCOTTON NEVRESİM TAKIMI TEK KİŞİLİK VOGY,,1.459,1.199,1.319
17%,2Q9NTKPLCT0030103,POLYCOTTON NEVRESİM TAKIMI TEK KINGSIZE VOGY,,1.679,1.399,1.539
17%,2Q9NTKPLCT0020103,POLYCOTTON NEVRESİM TAKIMI ÇİFT KİŞİLİK VOGY,,1.799,1.499,1.649
16%,2Q9NTKPLCT0040103,POLYCOTTON NEVRESİM ÇİFT KINGSIZE VOGY,,2.129,1.799,1.979
18%,2Q9NTKPLCT0010102,POLYCOTTON NEVRESİM TAKIMI TEK KİŞİLİK SKATE,,1.459,1.199,1.319
17%,2Q9NTKPLCT0030102,POLYCOTTON NEVRESİM TAKIMI TEK KINGSIZE SKATE,,1.679,1.399,1.539
17%,2Q9NTKPLCT0020102,POLYCOTTON NEVRESİM TAKIMI ÇİFT KİŞİLİK SKATE,,1.799,1.499,1.649
16%,2Q9NTKPLCT0040102,POLYCOTTON NEVRESİM ÇİFT KINGSIZE SKATE,,2.129,1.799,1.979
18%,2Q9NTKEASY0010143,EASY COTTON NEVRESİM TAKIMI TEK KİŞİLİK GLIMMER GRI,,1.459,1.199,1.319
17%,2Q9NTKEASY0030143,EASY COTTON NEVRESİM TAKIMI TEK KINGSIZE GLIMMER GRI,,1.679,1.399,1.539
17%,2Q9NTKEASY0020143,EASY COTTON NEVRESİM TAKIMI ÇİFT KİŞİLİK GLIMMER GRI,,1.799,1.499,1.649
16%,2Q9NTKEASY0040143,EASY COTTON NEVRESİM TAKIMI ÇİFT KINGSIZE GLIMMER GRI,,2.129,1.799,1.979
,,FESTİVAL,,,,
29%,2Q9NTKFSTV0010167,FESTİVAL NEVRESİM TAKIMI TEK KİŞİLİK NERGİS,,2.099,1.499,1.649
30%,2Q9NTKFSTV0020167,FESTİVAL NEVRESİM TAKIMI ÇİFT KİŞİLİK NERGİS,,2.849,1.999,2.199
35%,2Q9NTKFSTV0010196,FESTİVAL NEVRESİM TAKIMI TEK KİŞİLİK BOHEMA,,2.299,1.499,1.649
33%,2Q9NTKFSTV0020196,FESTİVAL NEVRESİM TAKIMI ÇİFT KİŞİLİK BOHEMA,,2.999,1.999,2.199
29%,2Q9NTKFSTV0010197,FESTİVAL NEVRESİM TAKIMI TEK KİŞİLİK DESIRA,,2.099,1.499,1.649
30%,2Q9NTKFSTV0020197,FESTİVAL NEVRESİM TAKIMI ÇİFT KİŞİLİK DESIRA,,2.849,1.999,2.199
25%,2Q9NTKFSTV0010136,FESTİVAL NEVRESİM TAKIMI TEK KİŞİLİK CITY,,1.999,1.499,1.649
24%,2Q9NTKFSTV0020136,FESTİVAL NEVRESİM TAKIMI ÇİFT KİŞİLİK CITY,,2.642,1.999,2.199
25%,2Q9NTKFSTV0010137,FESTİVAL NEVRESİM TAKIMI TEK KİŞİLİK GARDEN,,1.999,1.499,1.649
24%,2Q9NTKFSTV0020137,FESTİVAL NEVRESİM TAKIMI ÇİFT KİŞİLİK GARDEN,,2.642,1.999,2.199
25%,2Q9NTKFSTV0010140,FESTİVAL NEVRESİM TAKIMI TEK KİŞİLİK CALM BEYAZ,,1.999,1.499,1.649
24%,2Q9NTKFSTV0020140,FESTİVAL NEVRESİM TAKIMI ÇİFT KİŞİLİK CALM BEYAZ,,2.642,1.999,2.199
25%,2Q9NTKFSTV0010097,FESTİVAL NEVRESİM TAKIMI TEK KİŞİLİK SÖRF,,1.999,1.499,1.649
24%,2Q9NTKFSTV0020097,FESTİVAL NEVRESİM TAKIMI ÇİFT KİŞİLİK SÖRF,,2.642,1.999,2.199
25%,2Q9NTKFSTV0010141,FESTİVAL NEVRESİM TAKIMI TEK KİŞİLİK CALM KIREMIT,,1.999,1.499,1.649
24%,2Q9NTKFSTV0020141,FESTİVAL NEVRESİM TAKIMI ÇİFT KİŞİLİK CALM KIREMIT,,2.642,1.999,2.199
25%,2Q9NTKFSTV0010108,FESTİVAL NEVRESİM TAKIMI TEK KİŞİLİK SHIVA,,1.999,1.499,1.649
24%,2Q9NTKFSTV0020108,FESTİVAL NEVRESİM TAKIMI ÇİFT KİŞİLİK SHIVA,,2.642,1.999,2.199
25%,2Q9NTKFSTV0010098,FESTİVAL NEVRESİM TAKIMI TEK KİŞİLİK PINE,,1.999,1.499,1.649
24%,2Q9NTKFSTV0020098,FESTİVAL NEVRESİM TAKIMI ÇİFT KİŞİLİK PINE,,2.642,1.999,2.199
25%,2Q9NTKFSTV0010115,FESTİVAL NEVRESİM TAKIMI TEK KİŞİLİK BELLA,,1.999,1.499,1.649
24%,2Q9NTKFSTV0020115,FESTİVAL NEVRESİM TAKIMI ÇİFT KİŞİLİK BELLA,,2.642,1.999,2.199
17%,2Q9NTKFSTV0010149,FESTİVAL NEVRESİM TAKIMI TEK KİŞİLİK KOKINA,,1.799,1.499,1.649
15%,2Q9NTKFSTV0020149,FESTİVAL NEVRESİM TAKIMI ÇİFT KİŞİLİK KOKINA,,2.359,1.999,2.199
,,DREAMLIFE,,,,
0%,2Q9NTKDREM0010146,DREAMLIFE NEVRESİM TAKIMI TEK KİŞİLİK GRI,,1.899,1.899,2.089
0%,2Q9NTKDREM0030146,DREAMLIFE NEVRESİM TAKIMI TEK KINGSIZE GRI,,2.099,2.099,2.309
0%,2Q9NTKDREM0020146,DREAMLIFE NEVRESİM TAKIMI ÇİFT KİŞİLİK GRI,,2.299,2.299,2.529
0%,2Q9NTKDREM0040146,DREAMLIFE NEVRESİM TAKIMI ÇİFT KINGSIZE GRI,,2.849,2.849,3.134
0%,2Q9NTKDREM0010147,DREAMLIFE NEVRESİM TAKIMI TEK KİŞİLİK PUDRA,,1.899,1.899,2.089
0%,2Q9NTKDREM0030147,DREAMLIFE NEVRESİM TAKIMI TEK KINGSIZE PUDRA,,2.099,2.099,2.309
0%,2Q9NTKDREM0020147,DREAMLIFE NEVRESİM TAKIMI ÇİFT KİŞİLİK PUDRA,,2.299,2.299,2.529
0%,2Q9NTKDREM0040147,DREAMLIFE NEVRESİM TAKIMI ÇİFT KINGSIZE PUDRA,,2.849,2.849,3.134
0%,2Q9NTKDREM0010148,DREAMLIFE NEVRESİM TAKIMI TEK KİŞİLİK YESIL,,1.899,1.899,2.089
0%,2Q9NTKDREM0030148,DREAMLIFE NEVRESİM TAKIMI TEK KINGSIZE YESIL,,2.099,2.099,2.309
0%,2Q9NTKDREM0020148,DREAMLIFE NEVRESİM TAKIMI ÇİFT KİŞİLİK YESIL,,2.299,2.299,2.529
0%,2Q9NTKDREM0040148,DREAMLIFE NEVRESİM TAKIMI ÇİFT KINGSIZE YESIL,,2.849,2.849,3.134
0%,2Q9NTKDREM0010065,DREAMLIFE NEVRESİM TAKIMI TEK KİŞİLİK BEJ,,1.899,1.899,2.089
0%,2Q9NTKDREM0030065,DREAMLIFE NEVRESİM TAKIMI TEK KINGSIZE BEJ,,2.099,2.099,2.309
0%,2Q9NTKDREM0020065,DREAMLIFE NEVRESİM TAKIMI ÇİFT KİŞİLİK BEJ,,2.299,2.299,2.529
0%,2Q9NTKDREM0040065,DREAMLIFE NEVRESİM TAKIMI ÇİFT KINGSIZE BEJ,,2.849,2.849,3.134
0%,2Q9NTKDREM0010064,DREAMLIFE NEVRESİM TAKIMI TEK KİŞİLİK BEYAZ,,1.899,1.899,2.089
0%,2Q9NTKDREM0030064,DREAMLIFE NEVRESİM TAKIMI TEK KINGSIZE BEYAZ,,2.099,2.099,2.309
0%,2Q9NTKDREM0020064,DREAMLIFE NEVRESİM TAKIMI ÇİFT KİŞİLİK BEYAZ,,2.299,2.299,2.529
0%,2Q9NTKDREM0040064,DREAMLIFE NEVRESİM TAKIMI ÇİFT KINGSIZE BEYAZ,,2.849,2.849,3.134
,,RANFORCE,,,,
0%,2Q9NTKRANF0010206,RANFORCE NEVRESİM TAKIMI TEK KİŞİLİK CHERRY,,2.499,2.499,2.749
0%,2Q9NTKRANF0020206,RANFORCE NEVRESİM TAKIMI ÇİFT KİŞİLİK CHERRY,,3.299,3.299,3.629
0%,2Q9NTKRANF0010206,RANFORCE NEVRESİM TAKIMI TEK KİŞİLİK CHERRY,,2.499,2.499,2.749
0%,2Q9NTKRANF0020206,RANFORCE NEVRESİM TAKIMI ÇİFT KİŞİLİK CHERRY,,3.299,3.299,3.629
0%,2Q9NTKRANF0010207,RANFORCE NEVRESİM TAKIMI TEK KİŞİLİK ORANGE POP,,2.499,2.499,2.749
0%,2Q9NTKRANF0020207,RANFORCE NEVRESİM TAKIMI ÇİFT KİŞİLİK ORANGE POP,,3.299,3.299,3.629
0%,2Q9NTKRANF0010208,RANFORCE NEVRESİM TAKIMI TEK KİŞİLİK BEARBERRY,,2.499,2.499,2.749
0%,2Q9NTKRANF0020208,RANFORCE NEVRESİM TAKIMI ÇİFT KİŞİLİK BEARBERRY,,3.299,3.299,3.629
32%,2Q9NTKRANF0010192,RANFORCE NEVRESİM TAKIMI TEK KİŞİLİK BOHIVA,,2.499,1.699,1.869
30%,2Q9NTKRANF0020192,RANFORCE NEVRESİM TAKIMI ÇİFT KİŞİLİK BOHIVA,,3.299,2.299,2.529
32%,2Q9NTKRANF0010193,RANFORCE NEVRESİM TAKIMI TEK KİŞİLİK ARGENTO,,2.499,1.699,1.869
30%,2Q9NTKRANF0020193,RANFORCE NEVRESİM TAKIMI ÇİFT KİŞİLİK ARGENTO,,3.299,2.299,2.529
32%,2Q9NTKRANF0010198,RANFORCE NEVRESİM TAKIMI TEK KİŞİLİK VIVENNA,,2.499,1.699,1.869
30%,2Q9NTKRANF0020198,RANFORCE NEVRESİM TAKIMI ÇİFT KİŞİLİK VIVENNA,,3.299,2.299,2.529
32%,2Q9NTKRANF0010164,RANFORCE NEVRESİM TAKIMI TEK KİŞİLİK NAVY,,2.499,1.699,1.869
29%,2Q9NTKRANF0030164,RANFORCE NEVRESİM TAKIMI TEK KINGSIZE NAVY,,2.799,1.999,2.199
30%,2Q9NTKRANF0020164,RANFORCE NEVRESİM TAKIMI ÇİFT KİŞİLİK NAVY,,3.299,2.299,2.529
30%,2Q9NTKRANF0040164,RANFORCE NEVRESİM TAKIMI ÇİFT KINGSIZE NAVY,,3.699,2.599,2.859
32%,2Q9NTKRANF0010165,RANFORCE NEVRESİM TAKIMI TEK KİŞİLİK PALMERA,,2.499,1.699,1.869
29%,2Q9NTKRANF0030165,RANFORCE NEVRESİM TAKIMI TEK KINGSIZE PALMERA,,2.799,1.999,2.199
30%,2Q9NTKRANF0020165,RANFORCE NEVRESİM TAKIMI ÇİFT KİŞİLİK PALMERA,,3.299,2.299,2.529
30%,2Q9NTKRANF0040165,RANFORCE NEVRESİM TAKIMI ÇİFT KINGSIZE PALMERA,,3.699,2.599,2.859
32%,2Q9NTKRANF0010163,RANFORCE NEVRESİM TAKIMI TEK KİŞİLİK ELEGAN,,2.499,1.699,1.869
29%,2Q9NTKRANF0030163,RANFORCE NEVRESİM TAKIMI TEK KINGSIZE ELEGAN,,2.799,1.999,2.199
30%,2Q9NTKRANF0020163,RANFORCE NEVRESİM TAKIMI ÇİFT KİŞİLİK ELEGAN,,3.299,2.299,2.529
30%,2Q9NTKRANF0040163,RANFORCE NEVRESİM TAKIMI ÇİFT KINGSIZE ELEGAN,,3.699,2.599,2.859
32%,2Q9NTKRANF0010131,RANFORCE NEVRESİM TAKIMI TEK KİŞİLİK LEAF,,2.499,1.699,1.869
29%,2Q9NTKRANF0030131,RANFORCE NEVRESİM TAKIMI TEK KINGSIZE LEAF,,2.799,1.999,2.199
30%,2Q9NTKRANF0020131,RANFORCE NEVRESİM TAKIMI ÇİFT KİŞİLİK LEAF,,3.299,2.299,2.529
30%,2Q9NTKRANF0040131,RANFORCE NEVRESİM TAKIMI ÇİFT KINGSIZE LEAF,,3.699,2.599,2.859
30%,2Q9NTKRANF0010180,RANFORCE NEVRESİM TAKIMI TEK KİŞİLİK PERA,,2.439,1.699,1.869
28%,2Q9NTKRANF0020180,RANFORCE NEVRESİM TAKIMI ÇİFT KİŞİLİK PERA,,3.209,2.299,2.529
20%,2Q9NTKRANF0010133,RANFORCE NEVRESİM TAKIMI TEK KİŞİLİK POLKA ANTRASİT,,2.129,1.699,1.869
17%,2Q9NTKRANF0030133,RANFORCE NEVRESİM TAKIMI TEK KINGSIZE POLKA ANTRASİT,,2.409,1.999,2.199
18%,2Q9NTKRANF0020133,RANFORCE NEVRESİM TAKIMI ÇİFT KİŞİLİK POLKA ANTRASİT,,2.799,2.299,2.529
20%,2Q9NTKRANF0040133,RANFORCE NEVRESİM TAKIMI ÇİFT KINGSIZE POLKA ANTRASİT,,3.249,2.599,2.859
20%,2Q9NTKRANF0010135,RANFORCE NEVRESİM TAKIMI TEK KİŞİLİK POLKA GRİ,,2.129,1.699,1.869
17%,2Q9NTKRANF0030135,RANFORCE NEVRESİM TAKIMI TEK KINGSIZE POLKA GRİ,,2.409,1.999,2.199
18%,2Q9NTKRANF0020135,RANFORCE NEVRESİM TAKIMI ÇİFT KİŞİLİK POLKA GRİ,,2.799,2.299,2.529
20%,2Q9NTKRANF0040135,RANFORCE NEVRESİM TAKIMI ÇİFT KINGSIZE POLKA GRİ,,3.249,2.599,2.859
25%,2Q9NTKRANF0010155,RANFORCE NEVRESİM TAKIMI TEK KİŞİLİK VALENS,,2.279,1.699,1.869
22%,2Q9NTKRANF0030155,RANFORCE NEVRESİM TAKIMI TEK KINGSIZE VALENS,,2.579,1.999,2.199
23%,2Q9NTKRANF0020155,RANFORCE NEVRESİM TAKIMI ÇİFT KİŞİLİK VALENS,,2.999,2.299,2.529
25%,2Q9NTKRANF0040155,RANFORCE NEVRESİM TAKIMI ÇİFT KINGSIZE VALENS,,3.479,2.599,2.859
20%,2Q9NTKRANF0010116,RANFORCE NEVRESİM TAKIMI TEK KİŞİLİK MONA,,2.129,1.699,1.869
17%,2Q9NTKRANF0030116,RANFORCE NEVRESİM TAKIMI TEK KINGSIZE MONA,,2.409,1.999,2.199
18%,2Q9NTKRANF0020116,RANFORCE NEVRESİM TAKIMI ÇİFT KİŞİLİK MONA,,2.799,2.299,2.529
20%,2Q9NTKRANF0040116,RANFORCE NEVRESİM TAKIMI ÇİFT KINGSIZE MONA,,3.249,2.599,2.859
32%,2Q9NTKRANF0010187,RANFORCE NEVRESİM TAKIMI TEK KİŞİLİK SWEET,,2.499,1.699,1.869
26%,2Q9NTKRANF0030187,RANFORCE NEVRESİM TAKIMI TEK KINGSIZE SWEET,,2.699,1.999,2.199
23%,2Q9NTKRANF0020187,RANFORCE NEVRESİM TAKIMI ÇİFT KİŞİLİK SWEET,,2.999,2.299,2.529
24%,2Q9NTKRANF0040187,RANFORCE NEVRESİM TAKIMI ÇİFT KINGSIZE SWEET,,3.399,2.599,2.859
20%,2Q9NTKRANF0010150,RANFORCE NEVRESİM TAKIMI TEK KİŞİLİK CHARM,,2.129,1.699,1.869
17%,2Q9NTKRANF0030150,RANFORCE NEVRESİM TAKIMI TEK KINGSIZE CHARM,,2.409,1.999,2.199
18%,2Q9NTKRANF0020150,RANFORCE NEVRESİM TAKIMI ÇİFT KİŞİLİK CHARM,,2.799,2.299,2.529
20%,2Q9NTKRANF0040150,RANFORCE NEVRESİM TAKIMI ÇİFT KINGSIZE CHARM,,3.249,2.599,2.859
15%,2Q9NTKRANF0010105,RANFORCE NEVRESİM TAKIMI TEK KİŞİLİK SALVO,,1.989,1.699,1.869
11%,2Q9NTKRANF0030105,RANFORCE NEVRESİM TAKIMI TEK KINGSIZE SALVO,,2.239,1.999,2.199
12%,2Q9NTKRANF0020105,RANFORCE NEVRESİM TAKIMI ÇİFT KİŞİLİK SALVO,,2.599,2.299,2.529
14%,2Q9NTKRANF0040105,RANFORCE NEVRESİM TAKIMI ÇİFT KINGSIZE SALVO,,3.039,2.599,2.859
15%,2Q9NTKRANF0010104,RANFORCE NEVRESİM TAKIMI TEK KİŞİLİK PENETRA,,1.989,1.699,1.869
11%,2Q9NTKRANF0030104,RANFORCE NEVRESİM TAKIMI TEK KINGSIZE PENETRA,,2.239,1.999,2.199
12%,2Q9NTKRANF0020104,RANFORCE NEVRESİM TAKIMI ÇİFT KİŞİLİK PENETRA,,2.599,2.299,2.529
14%,2Q9NTKRANF0040104,RANFORCE NEVRESİM TAKIMI ÇİFT KINGSIZE PENETRA,,3.039,2.599,2.859
15%,2Q9NTKRANF0010107,RANFORCE NEVRESİM TAKIMI TEK KİŞİLİK FIORE,,1.989,1.699,1.869
11%,2Q9NTKRANF0030107,RANFORCE NEVRESİM TAKIMI TEK KINGSIZE FIORE,,2.239,1.999,2.199
12%,2Q9NTKRANF0020107,RANFORCE NEVRESİM TAKIMI ÇİFT KİŞİLİK FIORE,,2.599,2.299,2.529
14%,2Q9NTKRANF0040107,RANFORCE NEVRESİM TAKIMI ÇİFT KINGSIZE FIORE,,3.039,2.599,2.859
15%,2Q9NTKRANF0010109,RANFORCE NEVRESİM TAKIMI TEK KİŞİLİK KREO,,1.989,1.699,1.869
11%,2Q9NTKRANF0030109,RANFORCE NEVRESİM TAKIMI TEK KINGSIZE KREO,,2.239,1.999,2.199
12%,2Q9NTKRANF0020109,RANFORCE NEVRESİM TAKIMI ÇİFT KİŞİLİK KREO,,2.599,2.299,2.529
14%,2Q9NTKRANF0040109,RANFORCE NEVRESİM TAKIMI ÇİFT KINGSIZE KREO,,3.039,2.599,2.859
15%,2Q9NTKRANF0010101,RANFORCE NEVRESİM TAKIMI TEK KİŞİLİK NEW YEAR,,1.989,1.699,1.869
11%,2Q9NTKRANF0030101,RANFORCE NEVRESİM TAKIMI TEK KINGSIZE NEW YEAR,,2.239,1.999,2.199
12%,2Q9NTKRANF0020101,RANFORCE NEVRESİM TAKIMI ÇİFT KİŞİLİK NEW YEAR,,2.599,2.299,2.529
14%,2Q9NTKRANF0040101,RANFORCE NEVRESİM TAKIMI ÇİFT KINGSIZE NEW YEAR,,3.039,2.599,2.859
,,CARLA,,,,
20%,2Q9NTKCARL0010001,CARLA NEVRESİM TAKIMI TEK KISILIK NARCICEGI,,2.759,2.199,2.419
20%,2Q9NTKCARL0020001,CARLA NEVRESİM TAKIMI CIFT KISILIK NARCICEGI,,3.359,2.699,2.969
20%,2Q9NTKCARL0010002,CARLA NEVRESİM TAKIMI TEK KISILIK SEFTALI,,2.759,2.199,2.419
20%,2Q9NTKCARL0020002,CARLA NEVRESİM TAKIMI CIFT KISILIK SEFTALI,,3.359,2.699,2.969
20%,2Q9NTKCARL0010003,CARLA NEVRESİM TAKIMI TEK KISILIK MAVI,,2.759,2.199,2.419
20%,2Q9NTKCARL0020003,CARLA NEVRESİM TAKIMI CIFT KISILIK MAVI,,3.359,2.699,2.969
20%,2Q9NTKCARL0010004,CARLA NEVRESİM TAKIMI TEK KISILIK KREM,,2.759,2.199,2.419
20%,2Q9NTKCARL0020004,CARLA NEVRESİM TAKIMI CIFT KISILIK KREM,,3.359,2.699,2.969
20%,2Q9NTKCARL0010005,CARLA NEVRESİM TAKIMI TEK KISILIK ACIK GRI,,2.759,2.199,2.419
20%,2Q9NTKCARL0020005,CARLA NEVRESİM TAKIMI CIFT KISILIK ACIK GRI,,3.359,2.699,2.969
,,LAUREN,,,,
0%,2Q9NTKLURN0010001,LAUREN NEVRESIM TAKIMI TEK KISILIK IVANA IVANA,,3.499,3.499,3.849
0%,2Q9NTKLURN0020001,LAUREN NEVRESIM TAKIMI CIFT KISILIK IVANA IVANA,,3.999,3.999,4.399
0%,2Q9NTKLURN0010002,LAUREN NEVRESIM TAKIMI TEK KISILIK VIVIAN VIVIAN,,3.499,3.499,3.849
0%,2Q9NTKLURN0020002,LAUREN NEVRESIM TAKIMI CIFT KISILIK VIVIAN VIVIAN,,3.999,3.999,4.399
0%,2Q9NTKLURN0010003,LAUREN NEVRESIM TAKIMI TEK KISILIK MARIS MARIS,,3.499,3.499,3.849
0%,2Q9NTKLURN0020003,LAUREN NEVRESIM TAKIMI CIFT KISILIK MARIS MARIS,,3.999,3.999,4.399
,,FLANEL,,,,
30%,2Q9NTKFLNL0010190,FLANEL NEVRESİM TAKIMI TEK KİŞİLİK WENDY,,2.569,1.799,1.979
30%,2Q9NTKFLNL0030190,FLANEL NEVRESİM TAKIMI TEK KINGSIZE WENDY,,2.789,1.949,2.144
30%,2Q9NTKFLNL0020190,FLANEL NEVRESİM TAKIMI ÇİFT KİŞİLİK WENDY,,3.209,2.249,2.474
30%,2Q9NTKFLNL0040190,FLANEL NEVRESİM TAKIMI ÇİFT KINGSIZE WENDY,,3.749,2.629,2.892
,,ARTLINE SATEN,,,,
40%,2Q9NTKSTAR0020006,ARTLINE SATEN NEVRESİM TAKIMI ÇİFT KİŞİLİK BEYAZ,,5.332,3.199,3.519
40%,2Q9NTKSTAR0040006,ARTLINE SATEN NEVRESİM TAKIMI ÇİFT KINGSIZE BEYAZ,,6.081,3.649,4.014
40%,2Q9NTKSTAR0020002,ARTLINE SATEN NEVRESİM TAKIMI ÇİFT KİŞİLİK GRI,,5.332,3.199,3.519
40%,2Q9NTKSTAR0040002,ARTLINE SATEN NEVRESİM TAKIMI ÇİFT KINGSIZE GRI,,6.081,3.649,4.014
40%,2Q9NTKSTAR0020001,ARTLINE SATEN NEVRESİM TAKIMI ÇİFT KİŞİLİK KIREMIT,,5.332,3.199,3.519
40%,2Q9NTKSTAR0040001,ARTLINE SATEN NEVRESİM TAKIMI ÇİFT KINGSIZE KIREMIT,,6.081,3.649,4.014
40%,2Q9NTKSTAR0020005,ARTLINE SATEN NEVRESİM TAKIMI ÇİFT KİŞİLİK KREM,,5.332,3.199,3.519
40%,2Q9NTKSTAR0040005,ARTLINE SATEN NEVRESİM TAKIMI ÇİFT KINGSIZE KREM,,6.081,3.649,4.014
40%,2Q9NTKSTAR0020003,ARTLINE SATEN NEVRESİM TAKIMI ÇİFT KİŞİLİK MAVI,,5.332,3.199,3.519
40%,2Q9NTKSTAR0040003,ARTLINE SATEN NEVRESİM TAKIMI ÇİFT KINGSIZE MAVI,,6.081,3.649,4.014
40%,2Q9NTKSTAR0020004,ARTLINE SATEN NEVRESİM TAKIMI ÇİFT KİŞİLİK SIYAH,,5.332,3.199,3.519
40%,2Q9NTKSTAR0040004,ARTLINE SATEN NEVRESİM TAKIMI ÇİFT KINGSIZE SIYAH,,6.081,3.649,4.014
,,SATEN,,,,
0%,2Q9NTKSATN0010202,SATEN NEVRESİM TAKIMI TEK KİŞİLİK ARWEN,,3.999,3.999,4.399
0%,2Q9NTKSATN0020202,SATEN NEVRESİM TAKIMI ÇİFT KİŞİLİK ARWEN,,4.599,4.599,5.059
40%,2Q9NTKSATN0020134,SATEN NEVRESİM TAKIMI ÇİFT KİŞİLİK ROSE GLOW,,4.998,2.999,3.299
40%,2Q9NTKSATN0020151,SATEN NEVRESİM TAKIMI ÇİFT KİŞİLİK DIEGO,,4.998,2.999,3.299
40%,2Q9NTKSATN0020152,SATEN NEVRESİM TAKIMI ÇİFT KİŞİLİK MAESTRO MAVI,,4.998,2.999,3.299
40%,2Q9NTKSATN0020153,SATEN NEVRESİM TAKIMI ÇİFT KİŞİLİK MAESTRO PUDRA,,4.998,2.999,3.299
40%,2Q9NTKSATN0020142,SATEN NEVRESİM TAKIMI ÇİFT KİŞİLİK CELEBRITY,,4.998,2.999,3.299
40%,2Q9NTKSATN0020132,SATEN NEVRESİM TAKIMI ÇİFT KİŞİLİK CLAIR,,4.998,2.999,3.299
,,NATUREL,,,,
0%,2Q9NTKNTRL0010004,NATUREL NEVRESİM TAKIMI TEK KİŞİLİK BEYAZ,,2.899,2.899,3.189
0%,2Q9NTKNTRL0020004,NATUREL NEVRESİM TAKIMI ÇİFT KİŞİLİK BEYAZ,,3.899,3.899,4.289
0%,2Q9NTKNTRL0010003,NATUREL NEVRESİM TAKIMI TEK KİŞİLİK KAHVE,,2.899,2.899,3.189
0%,2Q9NTKNTRL0020003,NATUREL NEVRESİM TAKIMI ÇİFT KİŞİLİK KAHVE,,3.899,3.899,4.289
0%,2Q9NTKNTRL0010001,NATUREL NEVRESİM TAKIMI TEK KİŞİLİK YAĞ YEŞİLİ,,2.899,2.899,3.189
0%,2Q9NTKNTRL0020001,NATUREL NEVRESİM TAKIMI ÇİFT KİŞİLİK YAĞ YEŞİLİ,,3.899,3.899,4.289
0%,2Q9NTKNTRL0010002,NATUREL NEVRESİM TAKIMI TEK KİŞİLİK YEŞİL,,2.899,2.899,3.189
0%,2Q9NTKNTRL0020002,NATUREL NEVRESİM TAKIMI ÇİFT KİŞİLİK YEŞİL,,3.899,3.899,4.289
,,KAPADOKYA BALONLARI,,,,
34%,2Q9NTKKPDB0010002,KAPADOKYA BALONLARI SATEN NEVRESİM TAKIMI TEK SKYBLUE,,1.979,1.299,1.429
34%,2Q9NTKKPDB0010001,KAPADOKYA BALONLARI SATEN NEVRESİM TAKIMI TEK KAPADOKYA BALONLARI SATEN NEVRESİM TAKIMI TEK,,1.979,1.299,1.429
,,Sepet Ürünleri,,,,
0%,2Q9CARPLCT0010,POLYCOTTON ÇARŞAF TEK KİŞİLİK POLYCOTTON ÇARŞAF TEK KİŞİLİK,,419,419,461
0%,2Q9CARPLCT0020,POLYCOTTON ÇARŞAF ÇİFT KİŞİLİK POLYCOTTON ÇARŞAF ÇİFT KİŞİLİK,,449,449,494
0%,2Q9NEVPLCT0010,POLYCOTTON TORBA NEVRESIM TEK KİŞİLİK POLYCOTTON TORBA NEVRESIM TEK KİŞİLİK,,489,489,538
0%,2Q9NEVPLCT0020,POLYCOTTON TORBA NEVRESIM ÇİFT KİŞİLİK POLYCOTTON TORBA NEVRESIM ÇİFT KİŞİLİK,,629,629,692
0%,2Q9CARRANF0010,RANFORCE ÇARŞAF TEK KİŞİLİK RANFORCE ÇARŞAF TEK KİŞİLİK,,499,499,549
0%,2Q9CARRANF0020,RANFORCE ÇARŞAF ÇİFT KİŞİLİK RANFORCE ÇARŞAF ÇİFT KİŞİLİK,,699,699,769
0%,2Q9NEVRANF0010,RANFORCE TORBA NEVRESIM TEK KİŞİLİK RANFORCE TORBA NEVRESIM TEK KİŞİLİK,,799,799,879
0%,2Q9NEVRANF0020,RANFORCE TORBA NEVRESIM ÇİFT KİŞİLİK RANFORCE TORBA NEVRESIM ÇİFT KİŞİLİK,,899,899,989
0%,2Q9YKLRANF0140,RANFORCE YASTIK KILIFI50X070 (2 Lİ) RANFORCE YASTIK KILIFI50X070 (2 Lİ),,429,429,472
,,Bebek Nevresimler,,,,
0%,2Q9NTBNKSLA500001,NAKIŞLI BEBEK NEVRESİM TAKIMI AKVARYUM NAKIŞLI BEBEK NEVRESİM TAKIMI AKVARYUM,,2.999,2.999,3.299
0%,2Q9NTBNKSLA500002,NAKIŞLI BEBEK NEVRESİM TAKIMI BABY CAR NAKIŞLI BEBEK NEVRESİM TAKIMI BABY CAR,,2.999,2.999,3.299
0%,2Q9NTBNKSLA500003,NAKIŞLI BEBEK NEVRESİM TAKIMI LITTLE BUNNY NAKIŞLI BEBEK NEVRESİM TAKIMI LITTLE BUNNY,,2.999,2.999,3.299
0%,2Q9NTBNKSLA500004,NAKIŞLI BEBEK NEVRESİM TAKIMI PRETTY BEAR NAKIŞLI BEBEK NEVRESİM TAKIMI PRETTY BEAR,,2.999,2.999,3.299
,,BATTANIYE,,,,0
0%,2Q9BTTMRLA0010,MARLA BATTANIYE TEK KISILIK MARLA BATTANIYE TEK KISILIK,,1.199,1.199,1.319
0%,2Q9BTTMRLA0020,MARLA BATTANIYE CIFT KISILIK MARLA BATTANIYE CIFT KISILIK,,1.399,1.399,1.539
0%,2Q9BTTMOFY0010,MOFFY BATTANIYE TEK KISILIK MOFFY BATTANIYE TEK KISILIK,,799,799,879
0%,2Q9BTTMOFY0020,MOFFY BATTANIYE CFT KISILIK MOFFY BATTANIYE CFT KISILIK,,999,999,1.099
0%,2Q9BTTALOR0020,ALORA BATTANIYE CFT KISILIK ALORA BATTANIYE CFT KISILIK,,1.999,1.999,2.199
0%,2Q9BTTHERA0010,HERA BATTANIYE TEK KISILIK HERA BATTANIYE TEK KISILIK,,899,899,989
0%,2Q9BTTHERA0020,HERA BATTANIYE CFT KISILIK HERA BATTANIYE CFT KISILIK,,1.099,1.099,1.209
0%,2Q9BTTVLRA0010,VELORA BATTANIYE TEK KISILIK VELORA BATTANIYE TEK KISILIK,,1.699,1.699,1.869
0%,2Q9BTTVLRA0020,VELORA BATTANIYE CFT KISILIK VELORA BATTANIYE CFT KISILIK,,2.499,2.499,2.749
0%,2Q9BTSBUBL0010,BUBBLE BATTANIYE SETI TEK KISILIK BUBBLE BATTANIYE SETI TEK KISILIK,,2.199,2.199,2.419
0%,2Q9BTSBUBL0020,BUBBLE BATTANIYE SETI CFT KISILIK BUBBLE BATTANIYE SETI CFT KISILIK,,2.899,2.899,3.189
0%,2Q9BTSMILA0010,MILA BATTANIYE SETI TEK KISILIK MILA BATTANIYE SETI TEK KISILIK,,1.349,1.349,1.484
0%,2Q9BTSMILA0020,MILA BATTANIYE SETI CFT KISILIK MILA BATTANIYE SETI CFT KISILIK,,1.999,1.999,2.199
0%,2Q9BTTGLOW0010,GLOW BATTANIYE TEK GLOW BATTANIYE TEK,,899,899,989
0%,2Q9BTTGLOW0020,GLOW BATTANIYE CFT GLOW BATTANIYE CFT,,999,999,1.099
,,KOLTUK ŞALI KOLTUK ŞALI,,,,
0%,2Q9SALADORA560,ADORA KOLTUK SALI 130X170 ADORA KOLTUK SALI 130X170,,779,779,857
,,YORGAN,,,,
31%,2Q9YRGPTGE0010,PRESTIGE YORGAN TEK PRESTIGE YORGAN TEK,,2.899,1.999,2.199
29%,2Q9YRGPTGE0030,PRESTIGE KINGSIZE YORGAN TEK PRESTIGE KINGSIZE YORGAN TEK,,3.099,2.199,2.419
29%,2Q9YRGPTGE0020,PRESTIGE YORGAN ÇİFT PRESTIGE YORGAN ÇİFT,,3.399,2.399,2.639
28%,2Q9YRGPTGE0040,PRESTIGE KINGSIZE YORGAN ÇİFT PRESTIGE KINGSIZE YORGAN ÇİFT,,3.899,2.799,3.079
31%,2Q9YRGNTRL0010,NATUREL YORGAN TEK NATUREL YORGAN TEK,,2.599,1.799,1.979
29%,2Q9YRGNTRL0030,NATUREL KINGSIZE YORGAN TEK NATUREL KINGSIZE YORGAN TEK,,2.799,1.999,2.199
30%,2Q9YRGNTRL0020,NATUREL YORGAN ÇİFT NATUREL YORGAN ÇİFT,,2.999,2.099,2.309
29%,2Q9YRGNTRL0040,NATUREL KINGSIZE YORGAN ÇİFT NATUREL KINGSIZE YORGAN ÇİFT,,3.499,2.499,2.749
31%,2Q9YRGKZTY0010,KAZ TÜYÜ YORGAN TEK KAZ TÜYÜ YORGAN TEK,,5.799,3.999,4.399
30%,2Q9YRGKZTY0030,KAZ TÜYÜ KINGSIZE YORGAN TEK KAZ TÜYÜ KINGSIZE YORGAN TEK,,6.399,4.499,4.949
30%,2Q9YRGKZTY0020,KAZ TÜYÜ YORGAN ÇİFT KAZ TÜYÜ YORGAN ÇİFT,,6.999,4.899,5.389
30%,2Q9YRGKZTY0040,KAZ TÜYÜ KINGSIZE YORGAN ÇİFT KAZ TÜYÜ KINGSIZE YORGAN ÇİFT,,7.999,5.599,6.159
32%,2Q9YRGCLIM0010,CLIMATE YORGAN TEK CLIMATE YORGAN TEK,,4.399,2.999,3.299
30%,2Q9YRGCLIM0030,CLIMATE KINGSIZE YORGAN TEK CLIMATE KINGSIZE YORGAN TEK,,4.999,3.499,3.849
29%,2Q9YRGCLIM0020,CLIMATE YORGAN ÇİFT CLIMATE YORGAN ÇİFT,,5.499,3.899,4.289
28%,2Q9YRGCLIM0040,CLIMATE KINGSIZE YORGAN ÇİFT CLIMATE KINGSIZE YORGAN ÇİFT,,5.999,4.299,4.729
0%,2Q9YRGSOFT0010,SOFTY YORGAN TEK SOFTY YORGAN TEK,,789,789,868
0%,2Q9YRGSOFT0020,SOFTY YORGAN CIFT SOFTY YORGAN CIFT,,929,929,1.022
0%,2Q9YRGFSMC0010,FESTIVAL MICROFIBER YORGAN TEK FESTIVAL MICROFIBER YORGAN TEK,,1.069,1.069,1.176
0%,2Q9YRGFSMC0020,FESTIVAL MICROFIBER YORGAN CFT FESTIVAL MICROFIBER YORGAN CFT,,1.269,1.269,1.396
0%,2Q9YRGCOMF0010,COMFYLINE YORGAN TEK COMFYLINE YORGAN TEK,,1.849,1.849,2.034
0%,2Q9YRGCOMF0030,COMFYLINE KINGSIZE YORGAN TEK COMFYLINE KINGSIZE YORGAN TEK,,1.969,1.969,2.166
0%,2Q9YRGCOMF0020,COMFYLINE YORGAN ÇİFT COMFYLINE YORGAN ÇİFT,,2.149,2.149,2.364
0%,2Q9YRGCOMF0040,COMFYLINE KINGSIZE YORGAN ÇİFT COMFYLINE KINGSIZE YORGAN ÇİFT,,2.459,2.459,2.705
0%,2Q9YRGCONF0010,CONFORM LUX YORGAN TEK CONFORM LUX YORGAN TEK,,2.869,2.869,3.156
0%,2Q9YRGCONF0020,CONFORM LUX YORGAN ÇİFT CONFORM LUX YORGAN ÇİFT,,3.699,3.699,4.069
,,ALEZ,,,,
0%,2Q9SGASLLNA010,SLEEPLINE SIVI GEÇİRMEZ ALEZ 90X190,,649,649,714
0%,2Q9SGASLLNA100,SLEEPLINE SIVI GEÇİRMEZ ALEZ 90X200,,669,669,736
0%,2Q9SGASLLNA020,SLEEPLINE SIVI GEÇİRMEZ ALEZ 100X200,,719,719,791
0%,2Q9SGASLLNA030,SLEEPLINE SIVI GEÇİRMEZ ALEZ 120X200,,739,739,813
0%,2Q9SGASLLNA050,SLEEPLINE SIVI GEÇİRMEZ ALEZ 140X190,,759,759,835
0%,2Q9SGASLLNA110,SLEEPLINE SIVI GEÇİRMEZ ALEZ 140X200,,839,839,923
0%,2Q9SGASLLNA060,SLEEPLINE SIVI GEÇİRMEZ ALEZ 150X200,,899,899,989
0%,2Q9SGASLLNA070,SLEEPLINE SIVI GEÇİRMEZ ALEZ 160X200,,929,929,1.022
0%,2Q9SGASLLNA080,SLEEPLINE SIVI GEÇİRMEZ ALEZ 180X200,,989,989,1.088
0%,2Q9SGASLLNA090,SLEEPLINE SIVI GEÇİRMEZ ALEZ 200X200,,1.039,1.039,1.143
,,YASTIK,,,,
0%,2Q9YSTVSGYC800,VISCO GUZELLIK YASTIGI42X062,,2.299,2.299,2.529
0%,2Q9YSTMELW0140,MELLOW YASTIK50X070,,699,699,769
0%,2Q9YSTCOMF0140,COMFYLINE YASTIK,,959,959,1.055
0%,2Q9YSTVSSFA520,VISCO STRESS FREE YASTIK 48x65,,1.299,1.299,1.429
0%,2Q9YSTVSPLA310,VISCOPLUS YASTIK (52x32),,899,899,989
0%,2Q9YSTVSALA520,VISCO ALOE VERA YASTIK 48x65,,1.299,1.299,1.429
0%,2Q9YSTFSTV0140,FESTİVAL COTTON YASTIK,,419,419,461
0%,2Q9YSTNTRL0140,NATUREL YASTIK,,589,589,648
0%,2Q9YSTPRTG0140,PRESTIGE YASTIK,,679,679,747
0%,2Q9YSTCONF0140,CONFORM LUX YASTIK,,619,619,681
0%,2Q9YSTKZTY0140,KAZ TUYU YASTIK,,1.489,1.489,1.638
,,Banyo Paspas,,,,
0%,2Q9BPSDORAB150,BANYO PASPAS SETI DORA,,1.299,1.299,1.429
,,Plaj Havlusu,,,,
0%,2Q9PLHBTNK0150,BOTANIK PLAJ HAVLUSU90X150,,869,869,956
0%,2Q9PLHFLMN0150,FLAMINGO PLAJ HAVLUSU90X150,,869,869,956
0%,2Q9PLHGNKG0150,GINKGO PLAJ HAVLUSU90X150,,869,869,956
,,DEKORATİF KIRLENT (DOLGULU),,,,
0%,2Q9KRLMRLA0110,MARLA KIRLENT50X050,,599,599,659
0%,2Q9KRLPERA0110,PERA DEKORATİF KIRLENT (50X50 CM),,829,829,912
0%,2Q9KRLWNDY0110,WENDY DEKORATIF KIRLENT (50X50 CM),,949,949,1.044
0%,2Q9KRLHOME0110,HOME DEKORATİF KIRLENT (50X50 CM),,749,749,824
0%,2Q9KRLHSTI0110,HESTIA DEKORATİF KIRLENT (50X50 CM),,749,749,824
0%,2Q9KRLLVLF0110,LOVE LIFE DEKORATİF KIRLENT (50X50 CM),,749,749,824
0%,2Q9KRLPOTM0110,POTAMIA DEKORATİF KIRLENT (50X50 CM),,749,749,824
0%,2Q9KRLSPRA0110,ASPERA DEKORATİF KIRLENT (50X50 CM),,749,749,824
0%,2Q9KRLSUNN0110,SUNNY DEKORATİF KIRLENT (50X50 CM),,749,749,824
0%,2Q9KRLALST0110,ALESTA DEKORATİF KIRLENT (50x50 CM),,999,999,1.099
0%,2Q9KRLCRAL0110,CORAL DEKORATİF KIRLENT (50x50 CM),,999,999,1.099
0%,2Q9KRLSARF0110,STARFISH DEKORATİF KIRLENT (50x50 CM),,999,999,1.099
0%,2Q9KRLANCR0110,ANCORA DEKORATİF KIRLENT (50x50 CM),,999,999,1.099
0%,2Q9KRLALST0180,ALESTA DEKORATİF KIRLENT (30X50 CM),,899,899,989
0%,2Q9KRLPENN0100,PENNA DEKORATİF KIRLENT (45X45 CM),,649,649,714
,,SOFRA GRUBU MASA ÖRTÜSÜ/RUNNER,,,,
0%,2Q9MSOCOZYB180,COZY MASA ÖRTÜSÜ 145X240,,699,699,769
0%,2Q9MSOCROCB180,CROCO MASA ÖRTÜSÜ 145X240,,699,699,769
0%,2Q9MSOESSEB180,ESSE MASA ÖRTÜSÜ 145X240,,699,699,769
0%,2Q9MSOGLRYB190,GLORY MASA ÖRTÜSÜ 140X240,,1.199,1.199,1.319
0%,2Q9MSOGRDEB190,GRADE MASA ÖRTÜSÜ 140X240,,1.199,1.199,1.319
0%,2Q9RUNCOZYB170,COZY RUNNER 45X150,,299,299,329
0%,2Q9RUNCROCB170,CROCO RUNNER 45X150,,299,299,329
0%,2Q9RUNESSEB170,ESSE RUNNER 45X150,,299,299,329
0%,2Q9RUNGLRYB170,GLORY RUNNER 45X150,,449,449,494
0%,2Q9RUNGRDEB170,GRADE RUNNER 45X150,,449,449,494
,,PUF,,,,
0%,2Q9PUFVILA0000,VIOLA PUF,,1.999,1.999,2.199
,,AYDINLATMA,,,,
0%,2QALBD00000000052,LIMA LAMBADER,,5.799,5.799,6.379
0%,2QALMB00000000026,LIMA ABAJUR,,2.739,2.739,3.013
0%,2QALBD00000000059,KUKA LAMBADER GOVDE+SAPKA,,8.839,8.839,9.723
0%,2QALBD00000000060,MADOW LAMBADER GOVDE+SAPKA,,8.359,8.359,9.195
0%,2QALBD00000000061,BLODA LAMBADER,,9.569,9.569,10.526
0%,2QALBD00000000062,LEGNA LAMBADER GOVDE+SAPKA,,6.659,6.659,7.325
0%,2QALBD00000000063,PESCA LAMBADER GOVDE+SAPKA,,6.659,6.659,7.325
0%,2QALMB00000000029,DELGADO ABAJUR,,3.219,3.219,3.541
0%,2QALMB00000000030,ARGENTO ABAJUR,,3.219,3.219,3.541
0%,2QALMB00000000031,TINDO ABAJUR,,3.339,3.339,3.673
0%,2QALMB00000000032,LEGNA ABAJUR,,2.849,2.849,3.134
0%,2QALMB00000000033,SANTELI ABAJUR SIYAH,,1.529,1.529,1.682
0%,2QALMB00000000034,SANTELI ABAJUR ESKITME,,1.529,1.529,1.682
0%,2QALMB00000000035,SANTELI ABAJUR BAKIR,,1.529,1.529,1.682
0%,2QALMB00000000027,RANTE ABAJUR ESKITME,,3.219,3.219,3.541
,,AKSESUAR,,,,
0%,2QAVAZ00000000285,IRON FLOWER POT SMALL MA6361 GOLD VAZO,,3.369,3.369,3.706
0%,2QAVAZ00000000286,IRON FLOWER POT SMALL MA6361 SILVER VAZO,,3.369,3.369,3.706
0%,2QAVAZ00000000287,IRON FLOWER POT SMALL MA6361 ROSE GOLD VAZO,,3.369,3.369,3.706
0%,2QAVAZ00000000288,IRON HAND PLNT W PNC B MA3845 GOLD VAZO,,3.369,3.369,3.706
0%,2QAVAZ00000000289,IRON HAND PLNT W PNC B MA3845 SILVER VAZO,,3.369,3.369,3.706
0%,2QAVAZ00000000290,IRON HAND PLNT W PNC B MA3845 ROSE GOLD VAZO,,3.369,3.369,3.706
0%,2QAMML00000000176,DEKORATİF PİRİNÇ MUMLUK (MA3528),,1.169,1.169,1.286
0%,2QAKUT00000000021,DEKORATİF PİRİNÇ AKSESUAR AHŞAP KAPAKLI (MA4319),,1.139,1.139,1.253
0%,2QAKUT00000000023,DEKORATİF PİRİNÇ AHŞAPLI KAPAKLI KUTU (MA4329),,1.009,1.009,1.110
0%,2QADEK00000000227,DEKORATİF NİCKEL AKSESUAR (MA4410),,1.949,1.949,2.144
0%,2QADEK00000000229,DEKORATİF CAM KAPAKLI AKSESUAR 3'LÜ (MA4887),,4.129,4.129,4.542
0%,2QAMML00000000218,DEKORATIF KUTU NICKEL MEDIUM MA3701,,1.309,1.309,1.440
0%,2QAMML00000000219,DEKORATIF KUTU NICKEL SMALL MA3702,,1.069,1.069,1.176
,,DEKORATİF ÇİÇEK,,,,
0%,2QADEK00000000253,YESIL MANOLYA VX 136 GRN,,439,439,483
0%,2QADEK00000000258,MAVI GRI DEVE DIKENI VX 145 BLUGR,,439,439,483
0%,2QADEK00000000259,TURUNCU DEVE DIKENI VX 145 ORG,,439,439,483
0%,2QADEK00000000260,PEMBE MOR DEVE DIKENI VX 145 PNKPU,,439,439,483
0%,2QADEK00000000261,YESIL COKLU CICEK VX 157 GRN,,439,439,483
0%,2QADEK00000000263,BEYAZ LILY VX 160 WHT,,439,439,483
0%,2QADEK00000000286,GRI YAPAY CICEK IX 201,,479,479,527
0%,2QADEK00000000324,KAHVE YAPAY CICEK IX 263,,479,479,527
0%,2QADEK00000000322,PEMBE YAPAY CICEK IX 261,,439,439,483
0%,2QADEK00000000320,SARI YAPAY CICEK IX 240,,549,549,604
0%,2QADEK00000000319,MOR YAPAY CICEK IX 227,,399,399,439
0%,2QADEK00000000325,PEMBE YAPAY CICEK IX 264,,439,439,483
0%,2QADEK00000000323,YESIL YAPAY CICEK IX 262,,439,439,483
0%,2QADEK00000000359,PEMBE YAPAY CICEK IX 211,,429,429,472
0%,2QADEK00000000364,SARI TURUNCU YAPAY CICEK IX 194,,429,429,472
0%,2QADEK00000000365,SARI KAHVE YAPAY CICEK IX 198,,429,429,472
0%,2QADEK00000000366,KAHVE YAPAY CICEK IX 223,,329,329,362